Exchange,24h Volume (B USD),Trust Score,Founded Year,Country
Binance,257526.97613890326,10,2017.0,Cayman Islands
Bybit,47942.369346931395,10,2018.0,British Virgin Islands
Gate,45401.66047811599,10,2013.0,Panama
OKX,42385.952613930705,10,2017.0,Seychelles
Coinbase Exchange,38949.29631081366,10,2012.0,United States
Bitget,21415.029148793463,10,2018.0,Seychelles
KuCoin,69563.35229516898,9,2017.0,
Crypto.com Exchange,50706.271366885834,9,2019.0,Malta
MEXC,45720.763509914475,9,2018.0,Seychelles
HTX,40157.474415912446,9,2013.0,Seychelles
Bullish,39282.1398514742,9,2021.0,Gibraltar
Kraken,16708.899102268893,9,2011.0,United States
BingX,16286.056841406227,9,2018.0,British Virgin Islands
Bitstamp by Robinhood,7380.17512955313,9,2011.0,Luxembourg
HashKey Exchange,1642.0094886087122,9,2018.0,Hong Kong
Gemini,1577.5080559494872,9,2014.0,United States
Backpack Exchange ,1172.2880397288918,9,2023.0,British Virgin Islands
Toobit,116974.58472090271,8,2022.0,Cayman Islands
Pionex,100667.77931291022,8,2019.0,British Virgin Islands
CoinW,76447.17251563956,8,2017.0,United Arab Emirates
LBank,61244.95976953781,8,2015.0,British Virgin Islands
Tapbit,56378.18381211013,8,2019.0,United States
WEEX,54322.10186643214,8,2018.0,Singapore
Coinstore,45048.22086481848,8,2020.0,British Virgin Islands
DigiFinex,39584.77932834103,8,2018.0,Seychelles
BitMart,36087.51593579505,8,2017.0,Cayman Islands
Ourbit,28708.415192598844,8,2020.0,British Virgin Islands
Upbit,24172.204758343523,8,2017.0,South Korea
WhiteBIT,14840.281257368732,8,2018.0,Lithuania
Zoomex,14555.72395026163,8,2021.0,Seychelles
Bitunix,12325.127680668675,8,2021.0,Saint Vincent and the Grenadines
Bitrue,8503.68229707126,8,2018.0,Seychelles
Bitfinex,4856.833941053791,8,2012.0,British Virgin Islands
Bitvavo,4082.278172245063,8,2018.0,Netherlands
Tothemoon,3931.336690242427,8,2018.0,Lithuania
CoinEx,2903.001928142183,8,2017.0,Samoa
Bitbank,1299.6428407083672,8,2016.0,Japan
CEX.IO,528.3985218963647,8,2013.0,United Kingdom
Nonkyc.io,507.11774891531,8,2023.0,Seychelles
VALR,361.54499280102806,8,2018.0,South Africa
Bitso,333.9646905035182,8,2014.0,Gibraltar
Deribit Spot,332.9652186433879,8,2016.0,Panama
Indodax,304.1917180784091,8,2014.0,Indonesia
Binance US,219.81714734896443,8,2019.0,United States
Luno,216.93899126309162,8,2013.0,Singapore
LCX Exchange,143.74642161410029,8,2020.0,Liechtenstein
Coins.ph,124.1090382965967,8,2014.0,Philippines
Bitcointry,60.813124327274956,8,2023.0,Seychelles
Arkham,27.281510229195604,8,2024.0,Dominican Republic
Bitlo,21.97000369332542,8,2018.0,Turkey
HashKey Global,9.663522025383395,8,2018.0,Bermuda
OrangeX,171343.40893237694,7,2021.0,Seychelles
Hotcoin,61992.64833608623,7,2017.0,Seychelles
KCEX,54362.87554281724,7,2021.0,Seychelles
XT.COM,34974.64917921924,7,2018.0,Seychelles
Biconomy.com,32595.849940101558,7,2019.0,British Virgin Islands
Hibt,28795.495197596265,7,2021.0,Canada
BVOX,27915.005028783162,7,2018.0,British Virgin Islands
P2B,26710.09288000674,7,2018.0,Lithuania
AscendEX (BitMax),13564.819254220532,7,2018.0,Singapore
BitDelta,13087.19948419888,7,2023.0,Vanuatu
Bithumb,11756.084886880348,7,2014.0,South Korea
Phemex,6724.330526632794,7,2019.0,Singapore
QMall,6293.245178934611,7,2021.0,Lithuania
BTSE,4075.404841739348,7,2018.0,British Virgin Islands
LATOKEN,3983.815783040907,7,2017.0,Cayman Islands
BYDFi,3629.297871379908,7,2020.0,
Dex-Trade,3039.4810315058376,7,2019.0,Belize
BitKan,2701.525986378693,7,2012.0,British Virgin Islands
CoinTR,2354.3514787339655,7,2022.0,Turkey
bitFlyer,1870.2883982038193,7,2014.0,Japan
Bitkub,1361.6830649305864,7,2018.0,Thailand
EXMO,1314.0840749396034,7,2014.0,Poland
bitcastle,989.8602853431515,7,2019.0,Lithuania
CoinCatch,934.9251344405853,7,2022.0,British Virgin Islands
Max Maicoin,453.36284839490054,7,2018.0,Taiwan
BitoPro,397.8970324581215,7,2018.0,Taiwan
Bybit EU,362.12808939875583,7,2025.0,Austria
EarnBIT,185.68229457710177,7,2022.0,Lithuania
Independent Reserve,189.5858625365383,6,2013.0,Australia
Foxbit,134.8160416275927,7,2014.0,Brazil
Ondo Global Markets,59.759168102877446,7,2025.0,British Virgin Islands
Nami Exchange,46.01411335996813,7,2017.0,Singapore
WOO X,36.49787757070962,7,2019.0,Seychelles
One Trading,12.85502623851455,6,2019.0,Italy
Azbit,39742.928872054596,6,2018.0,Seychelles
GroveX,28877.20541309707,6,2022.0,Australia
Poloniex,15483.268704435464,6,2014.0,Seychelles
BigONE,13624.87611024359,6,2017.0,Seychelles
Deepcoin,11404.995361337595,6,2018.0,Seychelles
Uniswap V3 (Ethereum),10134.441501688383,6,2018.0,
Icrypex,7533.947503919158,6,2018.0,Turkey
BloFin,6938.840725092364,6,2023.0,Marshall Islands
Uniswap V3 (Arbitrum One),6477.57306505742,6,2021.0,
Uniswap V3 (BSC),5385.410136209899,6,2023.0,
Trubit,5169.517505851636,6,2022.0,British Virgin Islands
PancakeSwap V3 (Base),4924.353228186537,6,2023.0,
Pancakeswap Infinity CLMM (BSC),4556.862114344738,6,,
PointPay,4036.808531908013,6,2018.0,Saint Vincent and the Grenadines
Fluid (Ethereum),3316.8002076310713,6,2024.0,British Virgin Islands
